instruction,response
What is the current interest rate of HDFC Bank?,"""The interest rate on HDFC Bank's fixed deposits varies depending on the amount of your deposit, the deposit period and the type of account holder (individual, senior citizen etc.). And for today, what is the interest rate on HDFC Bank's fixed deposits for you? Is?
As of [current date], here are the current interest rates offered by HDFC Bank on its fixed deposits:
 For deposits up to â‚¹1 crore, interest rates range from 3.50% to 7.00% per annum depending on the deposit tenure and type of account holder.For deposits above Rs 1 crore, interest rates range from 3.75% to 7.25% per annum, depending on the deposit tenure and type of account holder. Please note that these interest rates are subject to change and are dependent on market conditions and other May vary depending on factors. It is always a good idea to check the current interest rates and terms offered by HDFC Bank before investing in a fixed deposit."
What is the customer care number of HDFC Bank?,"HDFC Bank customer care number is 1800 22 1006. This number is available 24/7 and provides assistance for customer related queries.
Apart from this, HDFC Bank customer care number is also available through mobile app and net banking platform.
Mobile App:
Download HDFC Bank mobile app from Google Play Store or Apple App Store.
Register mobile number and login.
Click """"Help"""" section and select """"Contact Us"""" for customer care number.
Net Banking:
Login to HDFC Bank Net Banking account.
Click """"Help"""" section and select """"Contact Us"""" for customer care number."
Which are the best colleges for engineering?,"There are a large number of engineering colleges in India that provide high quality education and produce well-trained engineers. Choosing the best engineering college depends on various factors such as branch of engineering, location and personal preferences. Here are some of the top engineering colleges in India:
Indian Institutes of Technology (IITs): IITs are considered premier engineering institutes in India and are known for their academic excellence, research facilities and placement opportunities. There are 23 IITs located in different parts of the country, and they offer different branches of engineering.
National Institute of Technology (NIT): NITs are also known for their high quality engineering education and are considered among the best engineering colleges in India. There are 31 NITs located in different parts of the country, and they offer various branches of engineering.
Birla Institute of Technology and Science (BITS): BITS is a private engineering institute known for its academic excellence and research facilities. It has campuses in Pilani, Goa and Hyderabad, and offers various branches of engineering."